{
  "nodes": [
    "0",
    "1",
    "2",
    "3",
    "4",
    "5",
    "6",
    "7",
    "8",
    "9",
    "10",
    "11",
    "12",
    "13",
    "14",
    "15",
    "16",
    "17",
    "18",
    "19",
    "20",
    "21",
    "22",
    "23",
    "24",
    "25",
    "26",
    "27",
    "28",
    "29",
    "30",
    "31",
    "32",
    "33",
    "34",
    "35",
    "36",
    "37",
    "38",
    "39",
    "40",
    "41",
    "42",
    "43",
    "44"
  ],
  "edges": [
    {
      "from": "0",
      "to": "9",
      "weight": 1
    },
    {
      "from": "0",
      "to": "23",
      "weight": 10
    },
    {
      "from": "0",
      "to": "32",
      "weight": 1
    },
    {
      "from": "1",
      "to": "30",
      "weight": 6
    },
    {
      "from": "2",
      "to": "16",
      "weight": 2
    },
    {
      "from": "2",
      "to": "27",
      "weight": 9
    },
    {
      "from": "2",
      "to": "29",
      "weight": 10
    },
    {
      "from": "3",
      "to": "4",
      "weight": 7
    },
    {
      "from": "4",
      "to": "8",
      "weight": 7
    },
    {
      "from": "4",
      "to": "19",
      "weight": 6
    },
    {
      "from": "4",
      "to": "30",
      "weight": 1
    },
    {
      "from": "4",
      "to": "42",
      "weight": 1
    },
    {
      "from": "5",
      "to": "2",
      "weight": 10
    },
    {
      "from": "6",
      "to": "9",
      "weight": 9
    },
    {
      "from": "6",
      "to": "36",
      "weight": 2
    },
    {
      "from": "7",
      "to": "4",
      "weight": 7
    },
    {
      "from": "7",
      "to": "21",
      "weight": 10
    },
    {
      "from": "7",
      "to": "26",
      "weight": 10
    },
    {
      "from": "7",
      "to": "39",
      "weight": 1
    },
    {
      "from": "8",
      "to": "2",
      "weight": 1
    },
    {
      "from": "8",
      "to": "23",
      "weight": 10
    },
    {
      "from": "8",
      "to": "26",
      "weight": 7
    },
    {
      "from": "8",
      "to": "27",
      "weight": 2
    },
    {
      "from": "8",
      "to": "30",
      "weight": 2
    },
    {
      "from": "8",
      "to": "31",
      "weight": 2
    },
    {
      "from": "9",
      "to": "5",
      "weight": 3
    },
    {
      "from": "9",
      "to": "30",
      "weight": 9
    },
    {
      "from": "9",
      "to": "35",
      "weight": 3
    },
    {
      "from": "9",
      "to": "38",
      "weight": 2
    },
    {
      "from": "10",
      "to": "17",
      "weight": 5
    },
    {
      "from": "10",
      "to": "23",
      "weight": 6
    },
    {
      "from": "10",
      "to": "28",
      "weight": 5
    },
    {
      "from": "10",
      "to": "39",
      "weight": 1
    },
    {
      "from": "12",
      "to": "9",
      "weight": 5
    },
    {
      "from": "13",
      "to": "6",
      "weight": 4
    },
    {
      "from": "14",
      "to": "3",
      "weight": 3
    },
    {
      "from": "14",
      "to": "17",
      "weight": 4
    },
    {
      "from": "14",
      "to": "25",
      "weight": 8
    },
    {
      "from": "14",
      "to": "29",
      "weight": 2
    },
    {
      "from": "15",
      "to": "18",
      "weight": 5
    },
    {
      "from": "16",
      "to": "22",
      "weight": 10
    },
    {
      "from": "16",
      "to": "23",
      "weight": 5
    },
    {
      "from": "16",
      "to": "34",
      "weight": 4
    },
    {
      "from": "17",
      "to": "38",
      "weight": 10
    },
    {
      "from": "17",
      "to": "40",
      "weight": 3
    },
    {
      "from": "18",
      "to": "2",
      "weight": 7
    },
    {
      "from": "18",
      "to": "34",
      "weight": 1
    },
    {
      "from": "18",
      "to": "42",
      "weight": 9
    },
    {
      "from": "20",
      "to": "6",
      "weight": 6
    },
    {
      "from": "20",
      "to": "7",
      "weight": 9
    },
    {
      "from": "20",
      "to": "9",
      "weight": 5
    },
    {
      "from": "20",
      "to": "11",
      "weight": 7
    },
    {
      "from": "20",
      "to": "18",
      "weight": 7
    },
    {
      "from": "20",
      "to": "41",
      "weight": 3
    },
    {
      "from": "20",
      "to": "42",
      "weight": 4
    },
    {
      "from": "21",
      "to": "13",
      "weight": 8
    },
    {
      "from": "21",
      "to": "15",
      "weight": 7
    },
    {
      "from": "21",
      "to": "24",
      "weight": 3
    },
    {
      "from": "21",
      "to": "30",
      "weight": 3
    },
    {
      "from": "21",
      "to": "43",
      "weight": 10
    },
    {
      "from": "21",
      "to": "44",
      "weight": 8
    },
    {
      "from": "22",
      "to": "40",
      "weight": 5
    },
    {
      "from": "23",
      "to": "19",
      "weight": 4
    },
    {
      "from": "23",
      "to": "22",
      "weight": 8
    },
    {
      "from": "24",
      "to": "18",
      "weight": 10
    },
    {
      "from": "25",
      "to": "4",
      "weight": 4
    },
    {
      "from": "25",
      "to": "20",
      "weight": 4
    },
    {
      "from": "26",
      "to": "17",
      "weight": 4
    },
    {
      "from": "26",
      "to": "19",
      "weight": 3
    },
    {
      "from": "26",
      "to": "36",
      "weight": 10
    },
    {
      "from": "27",
      "to": "0",
      "weight": 7
    },
    {
      "from": "27",
      "to": "17",
      "weight": 2
    },
    {
      "from": "27",
      "to": "25",
      "weight": 7
    },
    {
      "from": "27",
      "to": "40",
      "weight": 8
    },
    {
      "from": "27",
      "to": "42",
      "weight": 6
    },
    {
      "from": "28",
      "to": "19",
      "weight": 9
    },
    {
      "from": "29",
      "to": "13",
      "weight": 8
    },
    {
      "from": "30",
      "to": "19",
      "weight": 7
    },
    {
      "from": "30",
      "to": "25",
      "weight": 10
    },
    {
      "from": "30",
      "to": "27",
      "weight": 5
    },
    {
      "from": "30",
      "to": "39",
      "weight": 9
    },
    {
      "from": "31",
      "to": "25",
      "weight": 9
    },
    {
      "from": "31",
      "to": "26",
      "weight": 10
    },
    {
      "from": "32",
      "to": "9",
      "weight": 3
    },
    {
      "from": "32",
      "to": "17",
      "weight": 5
    },
    {
      "from": "32",
      "to": "30",
      "weight": 1
    },
    {
      "from": "33",
      "to": "17",
      "weight": 4
    },
    {
      "from": "33",
      "to": "22",
      "weight": 4
    },
    {
      "from": "33",
      "to": "25",
      "weight": 4
    },
    {
      "from": "34",
      "to": "20",
      "weight": 9
    },
    {
      "from": "35",
      "to": "2",
      "weight": 2
    },
    {
      "from": "35",
      "to": "12",
      "weight": 4
    },
    {
      "from": "36",
      "to": "9",
      "weight": 4
    },
    {
      "from": "36",
      "to": "12",
      "weight": 2
    },
    {
      "from": "36",
      "to": "21",
      "weight": 6
    },
    {
      "from": "36",
      "to": "26",
      "weight": 9
    },
    {
      "from": "36",
      "to": "31",
      "weight": 10
    },
    {
      "from": "36",
      "to": "39",
      "weight": 5
    },
    {
      "from": "37",
      "to": "2",
      "weight": 8
    },
    {
      "from": "37",
      "to": "16",
      "weight": 7
    },
    {
      "from": "37",
      "to": "17",
      "weight": 2
    },
    {
      "from": "37",
      "to": "29",
      "weight": 10
    },
    {
      "from": "37",
      "to": "42",
      "weight": 2
    },
    {
      "from": "38",
      "to": "1",
      "weight": 1
    },
    {
      "from": "38",
      "to": "12",
      "weight": 7
    },
    {
      "from": "38",
      "to": "14",
      "weight": 1
    },
    {
      "from": "38",
      "to": "16",
      "weight": 8
    },
    {
      "from": "38",
      "to": "18",
      "weight": 6
    },
    {
      "from": "38",
      "to": "22",
      "weight": 2
    },
    {
      "from": "38",
      "to": "32",
      "weight": 10
    },
    {
      "from": "39",
      "to": "15",
      "weight": 2
    },
    {
      "from": "39",
      "to": "31",
      "weight": 3
    },
    {
      "from": "39",
      "to": "35",
      "weight": 8
    },
    {
      "from": "39",
      "to": "36",
      "weight": 10
    },
    {
      "from": "39",
      "to": "40",
      "weight": 3
    },
    {
      "from": "41",
      "to": "21",
      "weight": 9
    },
    {
      "from": "41",
      "to": "31",
      "weight": 4
    },
    {
      "from": "42",
      "to": "1",
      "weight": 6
    },
    {
      "from": "42",
      "to": "14",
      "weight": 3
    },
    {
      "from": "42",
      "to": "16",
      "weight": 8
    },
    {
      "from": "42",
      "to": "23",
      "weight": 1
    },
    {
      "from": "42",
      "to": "26",
      "weight": 3
    },
    {
      "from": "42",
      "to": "35",
      "weight": 2
    },
    {
      "from": "42",
      "to": "38",
      "weight": 2
    },
    {
      "from": "43",
      "to": "1",
      "weight": 9
    },
    {
      "from": "43",
      "to": "35",
      "weight": 6
    },
    {
      "from": "44",
      "to": "31",
      "weight": 4
    },
    {
      "from": "44",
      "to": "38",
      "weight": 1
    }
  ]
}