{
  "nodes": [
    "0",
    "1",
    "2",
    "3",
    "4",
    "5",
    "6",
    "7",
    "8",
    "9"
  ],
  "edges": [
    {
      "from": "0",
      "to": "1",
      "weight": 1
    },
    {
      "from": "0",
      "to": "5",
      "weight": 4
    },
    {
      "from": "0",
      "to": "9",
      "weight": 10
    },
    {
      "from": "1",
      "to": "4",
      "weight": 7
    },
    {
      "from": "1",
      "to": "5",
      "weight": 9
    },
    {
      "from": "2",
      "to": "0",
      "weight": 4
    },
    {
      "from": "2",
      "to": "3",
      "weight": 5
    },
    {
      "from": "2",
      "to": "5",
      "weight": 4
    },
    {
      "from": "2",
      "to": "6",
      "weight": 1
    },
    {
      "from": "3",
      "to": "2",
      "weight": 4
    },
    {
      "from": "4",
      "to": "0",
      "weight": 4
    },
    {
      "from": "5",
      "to": "9",
      "weight": 1
    },
    {
      "from": "6",
      "to": "0",
      "weight": 10
    },
    {
      "from": "6",
      "to": "7",
      "weight": 6
    },
    {
      "from": "7",
      "to": "2",
      "weight": 10
    },
    {
      "from": "7",
      "to": "4",
      "weight": 3
    },
    {
      "from": "8",
      "to": "4",
      "weight": 7
    },
    {
      "from": "8",
      "to": "7",
      "weight": 10
    },
    {
      "from": "8",
      "to": "9",
      "weight": 8
    },
    {
      "from": "9",
      "to": "1",
      "weight": 3
    },
    {
      "from": "9",
      "to": "2",
      "weight": 10
    }
  ]
}