{
  "nodes": [
    "0",
    "1",
    "2",
    "3",
    "4",
    "5",
    "6",
    "7"
  ],
  "edges": [
    {
      "from": "0",
      "to": "1",
      "weight": 3
    },
    {
      "from": "0",
      "to": "7",
      "weight": 7
    },
    {
      "from": "1",
      "to": "2",
      "weight": 1
    },
    {
      "from": "1",
      "to": "7",
      "weight": 1
    },
    {
      "from": "2",
      "to": "4",
      "weight": 7
    },
    {
      "from": "2",
      "to": "6",
      "weight": 8
    },
    {
      "from": "2",
      "to": "7",
      "weight": 2
    },
    {
      "from": "3",
      "to": "0",
      "weight": 8
    },
    {
      "from": "3",
      "to": "2",
      "weight": 6
    },
    {
      "from": "3",
      "to": "5",
      "weight": 2
    },
    {
      "from": "3",
      "to": "6",
      "weight": 10
    },
    {
      "from": "4",
      "to": "2",
      "weight": 5
    },
    {
      "from": "4",
      "to": "3",
      "weight": 5
    },
    {
      "from": "4",
      "to": "5",
      "weight": 10
    },
    {
      "from": "4",
      "to": "7",
      "weight": 10
    },
    {
      "from": "5",
      "to": "2",
      "weight": 1
    },
    {
      "from": "6",
      "to": "1",
      "weight": 5
    },
    {
      "from": "6",
      "to": "2",
      "weight": 2
    },
    {
      "from": "6",
      "to": "3",
      "weight": 2
    },
    {
      "from": "7",
      "to": "2",
      "weight": 10
    },
    {
      "from": "7",
      "to": "4",
      "weight": 7
    },
    {
      "from": "7",
      "to": "5",
      "weight": 4
    }
  ]
}