{
  "nodes": [
    "0",
    "1",
    "2",
    "3",
    "4",
    "5",
    "6",
    "7",
    "8",
    "9",
    "10",
    "11",
    "12",
    "13",
    "14"
  ],
  "edges": [
    {
      "from": "0",
      "to": "2",
      "weight": 2
    },
    {
      "from": "0",
      "to": "3",
      "weight": 10
    },
    {
      "from": "0",
      "to": "6",
      "weight": 10
    },
    {
      "from": "0",
      "to": "8",
      "weight": 9
    },
    {
      "from": "0",
      "to": "10",
      "weight": 2
    },
    {
      "from": "0",
      "to": "11",
      "weight": 5
    },
    {
      "from": "1",
      "to": "9",
      "weight": 6
    },
    {
      "from": "2",
      "to": "0",
      "weight": 10
    },
    {
      "from": "2",
      "to": "5",
      "weight": 8
    },
    {
      "from": "2",
      "to": "12",
      "weight": 3
    },
    {
      "from": "3",
      "to": "6",
      "weight": 7
    },
    {
      "from": "3",
      "to": "14",
      "weight": 9
    },
    {
      "from": "4",
      "to": "6",
      "weight": 7
    },
    {
      "from": "5",
      "to": "2",
      "weight": 4
    },
    {
      "from": "5",
      "to": "4",
      "weight": 2
    },
    {
      "from": "5",
      "to": "6",
      "weight": 2
    },
    {
      "from": "5",
      "to": "11",
      "weight": 3
    },
    {
      "from": "5",
      "to": "12",
      "weight": 6
    },
    {
      "from": "6",
      "to": "7",
      "weight": 2
    },
    {
      "from": "7",
      "to": "8",
      "weight": 2
    },
    {
      "from": "7",
      "to": "10",
      "weight": 8
    },
    {
      "from": "8",
      "to": "12",
      "weight": 5
    },
    {
      "from": "9",
      "to": "10",
      "weight": 7
    },
    {
      "from": "9",
      "to": "14",
      "weight": 10
    },
    {
      "from": "10",
      "to": "4",
      "weight": 3
    },
    {
      "from": "10",
      "to": "11",
      "weight": 9
    },
    {
      "from": "10",
      "to": "13",
      "weight": 1
    },
    {
      "from": "11",
      "to": "0",
      "weight": 5
    },
    {
      "from": "11",
      "to": "3",
      "weight": 3
    },
    {
      "from": "11",
      "to": "4",
      "weight": 7
    },
    {
      "from": "12",
      "to": "0",
      "weight": 10
    },
    {
      "from": "12",
      "to": "5",
      "weight": 1
    },
    {
      "from": "12",
      "to": "9",
      "weight": 4
    },
    {
      "from": "12",
      "to": "14",
      "weight": 8
    },
    {
      "from": "13",
      "to": "2",
      "weight": 10
    },
    {
      "from": "13",
      "to": "4",
      "weight": 6
    },
    {
      "from": "13",
      "to": "8",
      "weight": 2
    },
    {
      "from": "13",
      "to": "14",
      "weight": 10
    },
    {
      "from": "14",
      "to": "4",
      "weight": 8
    }
  ]
}